sdg	concept	document	dois
SDG10: Reduced inequalities	Department For International Development	Employment and Social Protection	10.1787/journal_dev-v9-art1-en
SDG10: Reduced inequalities	Economic Policy Research Institute	Employment and Social Protection	10.1787/journal_dev-v9-art1-en
SDG10: Reduced inequalities	Pro-poor Growth	Employment and Social Protection	10.1787/journal_dev-v9-art1-en
SDG10: Reduced inequalities	Social Protection Social Protection	Employment and Social Protection	10.1787/journal_dev-v9-art1-en
SDG10: Reduced inequalities	Social Protection Intervention	Employment and Social Protection	10.1787/journal_dev-v9-art1-en
SDG10: Reduced inequalities	Social Protection Initiative	Employment and Social Protection	10.1787/journal_dev-v9-art1-en
SDG10: Reduced inequalities	Development Assistance Committee	Employment and Social Protection	10.1787/journal_dev-v9-art1-en
SDG10: Reduced inequalities	OECD Journal	Employment and Social Protection	10.1787/journal_dev-v9-art1-en
SDG10: Reduced inequalities	Social Protection Instrument	Employment and Social Protection	10.1787/journal_dev-v9-art1-en
SDG10: Reduced inequalities	Policy Guidance Note	Employment and Social Protection	10.1787/journal_dev-v9-art1-en
SDG10: Reduced inequalities	Social Cash Transfer	Employment and Social Protection	10.1787/journal_dev-v9-art1-en
SDG10: Reduced inequalities	Social Protection Programme	Employment and Social Protection	10.1787/journal_dev-v9-art1-en
SDG10: Reduced inequalities	Social Protection	Employment and Social Protection	10.1787/journal_dev-v9-art1-en
SDG10: Reduced inequalities	Cash Transfer	Employment and Social Protection	10.1787/journal_dev-v9-art1-en
SDG10: Reduced inequalities	Effective Social Protection	Employment and Social Protection	10.1787/journal_dev-v9-art1-en
SDG10: Reduced inequalities	Fragile State	Employment and Social Protection	10.1787/journal_dev-v9-art1-en
SDG10: Reduced inequalities	Informal Economy	Employment and Social Protection	10.1787/journal_dev-v9-art1-en
SDG10: Reduced inequalities	Social Protection Social	Employment and Social Protection	10.1787/journal_dev-v9-art1-en
SDG10: Reduced inequalities	National Social Protection	Employment and Social Protection	10.1787/journal_dev-v9-art1-en
SDG10: Reduced inequalities	Social Protection Measure	Employment and Social Protection	10.1787/journal_dev-v9-art1-en
SDG10: Reduced inequalities	Organisation For Economic Cooperation And Development	Foreign Direct Investment for Development	10.1787/9789264199286-en
SDG10: Reduced inequalities	Foreign Corporate Presence	Foreign Direct Investment for Development	10.1787/9789264199286-en
SDG10: Reduced inequalities	General Agreement On Trade In Service	Foreign Direct Investment for Development	10.1787/9789264199286-en
SDG10: Reduced inequalities	Human Capital Enhancement	Foreign Direct Investment for Development	10.1787/9789264199286-en
SDG10: Reduced inequalities	Organisation For Economic Cooperation And Development Country	Foreign Direct Investment for Development	10.1787/9789264199286-en
SDG10: Reduced inequalities	Organisation For Economic Cooperation And Development Declaration	Foreign Direct Investment for Development	10.1787/9789264199286-en
SDG10: Reduced inequalities	Organisation For Economic Cooperation And Development International Direct Investment	Foreign Direct Investment for Development	10.1787/9789264199286-en
SDG10: Reduced inequalities	Organisation For Economic Cooperation And Development Guideline	Foreign Direct Investment for Development	10.1787/9789264199286-en
SDG10: Reduced inequalities	Organisation For Economic Cooperation And Development Foreign Direct Investment	Foreign Direct Investment for Development	10.1787/9789264199286-en
SDG10: Reduced inequalities	Organisation For Economic Cooperation And Development Development	Foreign Direct Investment for Development	10.1787/9789264199286-en
SDG10: Reduced inequalities	Host-country Authority	Foreign Direct Investment for Development	10.1787/9789264199286-en
SDG10: Reduced inequalities	Organisation For Economic Cooperation And Development Development Centre Technical Paper	Foreign Direct Investment for Development	10.1787/9789264199286-en
SDG10: Reduced inequalities	MNE Affiliate	Foreign Direct Investment for Development	10.1787/9789264199286-en
SDG10: Reduced inequalities	Host Economy	Foreign Direct Investment for Development	10.1787/9789264199286-en
SDG10: Reduced inequalities	International Confederation Of Free Trade Union	Foreign Direct Investment for Development	10.1787/9789264199286-en
SDG10: Reduced inequalities	Foreign Direct Investment	Foreign Direct Investment for Development	10.1787/9789264199286-en
SDG10: Reduced inequalities	Foreign Direct Investment Stock	Foreign Direct Investment for Development	10.1787/9789264199286-en
SDG10: Reduced inequalities	Host-country Business	Foreign Direct Investment for Development	10.1787/9789264199286-en
SDG10: Reduced inequalities	Human Resource Development Fund	Foreign Direct Investment for Development	10.1787/9789264199286-en
SDG10: Reduced inequalities	Total World Foreign Direct Investment	Foreign Direct Investment for Development	10.1787/9789264199286-en
SDG10: Reduced inequalities	Growth Incidence Curve	Economic Growth and Poverty Reduction	10.1787/017028157830
SDG10: Reduced inequalities	Non-income Dimension	Economic Growth and Poverty Reduction	10.1787/017028157830
SDG10: Reduced inequalities	OECD Development Centre Working Paper	Economic Growth and Poverty Reduction	10.1787/017028157830
SDG10: Reduced inequalities	Pro-poor Growth	Economic Growth and Poverty Reduction	10.1787/017028157830
SDG10: Reduced inequalities	Operationalizing Pro-Poor Growth	Economic Growth and Poverty Reduction	10.1787/017028157830
SDG10: Reduced inequalities	Composite Welfare	Economic Growth and Poverty Reduction	10.1787/017028157830
SDG10: Reduced inequalities	David Roland-Holst	Economic Growth and Poverty Reduction	10.1787/017028157830
SDG10: Reduced inequalities	Average Income Growth	Economic Growth and Poverty Reduction	10.1787/017028157830
SDG10: Reduced inequalities	Absolute Sense	Economic Growth and Poverty Reduction	10.1787/017028157830
SDG10: Reduced inequalities	Vaccination Rate	Economic Growth and Poverty Reduction	10.1787/017028157830
SDG10: Reduced inequalities	Welfare Index	Economic Growth and Poverty Reduction	10.1787/017028157830
SDG10: Reduced inequalities	Policy Issue Research	Economic Growth and Poverty Reduction	10.1787/017028157830
SDG10: Reduced inequalities	Income Growth Rate	Economic Growth and Poverty Reduction	10.1787/017028157830
SDG10: Reduced inequalities	Absolute Improvement	Economic Growth and Poverty Reduction	10.1787/017028157830
SDG10: Reduced inequalities	Par Jean-Claude Berth	Economic Growth and Poverty Reduction	10.1787/017028157830
SDG10: Reduced inequalities	Non-income Poverty	Economic Growth and Poverty Reduction	10.1787/017028157830
SDG10: Reduced inequalities	Relative Definition	Economic Growth and Poverty Reduction	10.1787/017028157830
SDG10: Reduced inequalities	Educational Growth	Economic Growth and Poverty Reduction	10.1787/017028157830
SDG10: Reduced inequalities	Absolute Change	Economic Growth and Poverty Reduction	10.1787/017028157830
SDG10: Reduced inequalities	Absolute Definition	Economic Growth and Poverty Reduction	10.1787/017028157830
SDG10: Reduced inequalities	Inclusive Growth OECD	Finance and Inclusive Growth	10.1787/5js06pbhf28s-en
SDG10: Reduced inequalities	OECD Economic Policy Paper	Finance and Inclusive Growth	10.1787/5js06pbhf28s-en
SDG10: Reduced inequalities	Intermediated Credit	Finance and Inclusive Growth	10.1787/5js06pbhf28s-en
SDG10: Reduced inequalities	Stock Market Financing	Finance and Inclusive Growth	10.1787/5js06pbhf28s-en
SDG10: Reduced inequalities	Implicit Bank Debt Guarantee	Finance and Inclusive Growth	10.1787/5js06pbhf28s-en
SDG10: Reduced inequalities	Financial Sector Wage	Finance and Inclusive Growth	10.1787/5js06pbhf28s-en
SDG10: Reduced inequalities	TBTF Bank	Finance and Inclusive Growth	10.1787/5js06pbhf28s-en
SDG10: Reduced inequalities	Financial Sector Employee	Finance and Inclusive Growth	10.1787/5js06pbhf28s-en
SDG10: Reduced inequalities	Stock Market Capitalisation	Finance and Inclusive Growth	10.1787/5js06pbhf28s-en
SDG10: Reduced inequalities	Sector Wage Premium	Finance and Inclusive Growth	10.1787/5js06pbhf28s-en
SDG10: Reduced inequalities	Bank Global Financial Development Database	Finance and Inclusive Growth	10.1787/5js06pbhf28s-en
SDG10: Reduced inequalities	World Bank Global Financial Development	Finance and Inclusive Growth	10.1787/5js06pbhf28s-en
SDG10: Reduced inequalities	Large Stock Market	Finance and Inclusive Growth	10.1787/5js06pbhf28s-en
SDG10: Reduced inequalities	Decile Fourth Decile	Finance and Inclusive Growth	10.1787/5js06pbhf28s-en
SDG10: Reduced inequalities	Credit Intermediation	Finance and Inclusive Growth	10.1787/5js06pbhf28s-en
SDG10: Reduced inequalities	Great Income Inequality	Finance and Inclusive Growth	10.1787/5js06pbhf28s-en
SDG10: Reduced inequalities	Financial Expansion	Finance and Inclusive Growth	10.1787/5js06pbhf28s-en
SDG10: Reduced inequalities	United States Japan United Kingdom	Finance and Inclusive Growth	10.1787/5js06pbhf28s-en
SDG10: Reduced inequalities	OECD Secretariat Calculation	Finance and Inclusive Growth	10.1787/5js06pbhf28s-en
SDG10: Reduced inequalities	OECD Structural Analysis Database	Finance and Inclusive Growth	10.1787/5js06pbhf28s-en
SDG10: Reduced inequalities	Racial Discrimination	Developing national action plans against racial discrimination	10.18356_2d6cbf5c-en
SDG10: Reduced inequalities	National Action Plan	Developing national action plans against racial discrimination	10.18356_2d6cbf5c-en
SDG10: Reduced inequalities	Related Intolerance	Developing national action plans against racial discrimination	10.18356_2d6cbf5c-en
SDG10: Reduced inequalities	Durban Review	Developing national action plans against racial discrimination	10.18356_2d6cbf5c-en
SDG10: Reduced inequalities	National Undertaking	Developing national action plans against racial discrimination	10.18356_2d6cbf5c-en
SDG10: Reduced inequalities	Special Rapporteur	Developing national action plans against racial discrimination	10.18356_2d6cbf5c-en
SDG10: Reduced inequalities	Durban Declaration	Developing national action plans against racial discrimination	10.18356_2d6cbf5c-en
SDG10: Reduced inequalities	Joint Action Plan	Developing national action plans against racial discrimination	10.18356_2d6cbf5c-en
SDG10: Reduced inequalities	African Descent	Developing national action plans against racial discrimination	10.18356_2d6cbf5c-en
SDG10: Reduced inequalities	Action Plan	Developing national action plans against racial discrimination	10.18356_2d6cbf5c-en
SDG10: Reduced inequalities	Contemporary Form	Developing national action plans against racial discrimination	10.18356_2d6cbf5c-en
SDG10: Reduced inequalities	Inter-agency Policy	Developing national action plans against racial discrimination	10.18356_2d6cbf5c-en
SDG10: Reduced inequalities	Vienna Declaration	Developing national action plans against racial discrimination	10.18356_2d6cbf5c-en
SDG10: Reduced inequalities	Poor Literacy Skill	Developing national action plans against racial discrimination	10.18356_2d6cbf5c-en
SDG10: Reduced inequalities	Action Orientation	Developing national action plans against racial discrimination	10.18356_2d6cbf5c-en
SDG10: Reduced inequalities	United Nations Decade	Developing national action plans against racial discrimination	10.18356_2d6cbf5c-en
SDG10: Reduced inequalities	Intergovernmental Working Group	Developing national action plans against racial discrimination	10.18356_2d6cbf5c-en
SDG10: Reduced inequalities	Universal Periodic Review	Developing national action plans against racial discrimination	10.18356_2d6cbf5c-en
SDG10: Reduced inequalities	Effective Incorporation	Developing national action plans against racial discrimination	10.18356_2d6cbf5c-en
SDG10: Reduced inequalities	Public Document	Developing national action plans against racial discrimination	10.18356_2d6cbf5c-en
SDG10: Reduced inequalities	Unequal Chance	Equal Opportunities?	10.1787/9789264086395-5-en
SDG10: Reduced inequalities	Immigrant OECD	Equal Opportunities?	10.1787/9789264086395-5-en
SDG10: Reduced inequalities	The Integration Of The European Second	Equal Opportunities?	10.1787/9789264086395-5-en
SDG10: Reduced inequalities	Labour Market Integration	Equal Opportunities?	10.1787/9789264086395-5-en
SDG10: Reduced inequalities	White Majority	Equal Opportunities?	10.1787/9789264086395-5-en
SDG10: Reduced inequalities	Fair Employment Practice	Equal Opportunities?	10.1787/9789264086395-5-en
SDG10: Reduced inequalities	Fair Employment	Equal Opportunities?	10.1787/9789264086395-5-en
SDG10: Reduced inequalities	Picot	Equal Opportunities?	10.1787/9789264086395-5-en
SDG10: Reduced inequalities	Ethnic Minority	Equal Opportunities?	10.1787/9789264086395-5-en
SDG10: Reduced inequalities	Affirmative Action Programme	Equal Opportunities?	10.1787/9789264086395-5-en
SDG10: Reduced inequalities	Affirmative Action	Equal Opportunities?	10.1787/9789264086395-5-en
SDG10: Reduced inequalities	Cross-national Variation	Equal Opportunities?	10.1787/9789264086395-5-en
SDG10: Reduced inequalities	Main Determinant	Equal Opportunities?	10.1787/9789264086395-5-en
SDG10: Reduced inequalities	Majority Group	Equal Opportunities?	10.1787/9789264086395-5-en
SDG10: Reduced inequalities	Empty Shell	Equal Opportunities?	10.1787/9789264086395-5-en
SDG10: Reduced inequalities	non-European Origin	Equal Opportunities?	10.1787/9789264086395-5-en
SDG10: Reduced inequalities	International Migration Paper	Equal Opportunities?	10.1787/9789264086395-5-en
SDG10: Reduced inequalities	Labour Market Outcome	Equal Opportunities?	10.1787/9789264086395-5-en
SDG10: Reduced inequalities	College Attendance	Equal Opportunities?	10.1787/9789264086395-5-en
SDG10: Reduced inequalities	Equal Opportunity	Equal Opportunities?	10.1787/9789264086395-5-en
SDG10: Reduced inequalities	Labour Market Discrimination	OECD Employment Outlook 2008	10.1787/empl_outlook-2008-5-en
SDG10: Reduced inequalities	Gender Employment Gap	OECD Employment Outlook 2009	10.1787/empl_outlook-2008-5-en
SDG10: Reduced inequalities	Cross National Equivalent File	OECD Employment Outlook 2010	10.1787/empl_outlook-2008-5-en
SDG10: Reduced inequalities	Employment Tribunal	OECD Employment Outlook 2011	10.1787/empl_outlook-2008-5-en
SDG10: Reduced inequalities	Equal Employment Opportunity Commission	OECD Employment Outlook 2012	10.1787/empl_outlook-2008-5-en
SDG10: Reduced inequalities	Gender Wage Gap	OECD Employment Outlook 2013	10.1787/empl_outlook-2008-5-en
SDG10: Reduced inequalities	Mental Health Distress	OECD Employment Outlook 2014	10.1787/empl_outlook-2008-5-en
SDG10: Reduced inequalities	Equality Body	OECD Employment Outlook 2015	10.1787/empl_outlook-2008-5-en
SDG10: Reduced inequalities	Anti-discrimination Law	OECD Employment Outlook 2016	10.1787/empl_outlook-2008-5-en
SDG10: Reduced inequalities	Average Unemployment Benefit Replacement Rate	OECD Employment Outlook 2017	10.1787/empl_outlook-2008-5-en
SDG10: Reduced inequalities	European Community Household Panel	OECD Employment Outlook 2018	10.1787/empl_outlook-2008-5-en
SDG10: Reduced inequalities	Convention On The Elimination Of All Form Of Discrimination Against Woman	OECD Employment Outlook 2020	10.1787/empl_outlook-2008-5-en
SDG10: Reduced inequalities	Discrimination Case	OECD Employment Outlook 2021	10.1787/empl_outlook-2008-5-en
SDG10: Reduced inequalities	Fight Labour Market Discrimination	OECD Employment Outlook 2022	10.1787/empl_outlook-2008-5-en
SDG10: Reduced inequalities	Employment Gap	OECD Employment Outlook 2023	10.1787/empl_outlook-2008-5-en
SDG10: Reduced inequalities	Title VII	OECD Employment Outlook 2024	10.1787/empl_outlook-2008-5-en
SDG10: Reduced inequalities	Taste-based Discrimination	OECD Employment Outlook 2025	10.1787/empl_outlook-2008-5-en
SDG10: Reduced inequalities	Audit Study	OECD Employment Outlook 2026	10.1787/empl_outlook-2008-5-en
SDG10: Reduced inequalities	Equal Employment Opportunity	OECD Employment Outlook 2027	10.1787/empl_outlook-2008-5-en
SDG10: Reduced inequalities	Wage Gap	OECD Employment Outlook 2028	10.1787/empl_outlook-2008-5-en
SDG11: Sustainable cities and communities	Southeast Asian City	Urban Green Growth in Dynamic Asia	10.1787/9789264266360-5-en
SDG11: Sustainable cities and communities	Dynamic ASIA OECD	Urban Green Growth in Dynamic Asia	10.1787/9789264266360-5-en
SDG11: Sustainable cities and communities	Urban Green Growth	Urban Green Growth in Dynamic Asia	10.1787/9789264266360-5-en
SDG11: Sustainable cities and communities	Southeast ASIAN	Urban Green Growth in Dynamic Asia	10.1787/9789264266360-5-en
SDG11: Sustainable cities and communities	Asian City	Urban Green Growth in Dynamic Asia	10.1787/9789264266360-5-en
SDG11: Sustainable cities and communities	Untapped Opportunity	Urban Green Growth in Dynamic Asia	10.1787/9789264266360-5-en
SDG11: Sustainable cities and communities	Case Study City	Urban Green Growth in Dynamic Asia	10.1787/9789264266360-5-en
SDG11: Sustainable cities and communities	Chicago Climate Action Plan	Urban Green Growth in Dynamic Asia	10.1787/9789264266360-5-en
SDG11: Sustainable cities and communities	Green Growth Policy	Urban Green Growth in Dynamic Asia	10.1787/9789264266360-5-en
SDG11: Sustainable cities and communities	Sustainable Material Management	Urban Green Growth in Dynamic Asia	10.1787/9789264266360-5-en
SDG11: Sustainable cities and communities	Information And Communication Technology	Urban Green Growth in Dynamic Asia	10.1787/9789264266360-5-en
SDG11: Sustainable cities and communities	Green Growth	Urban Green Growth in Dynamic Asia	10.1787/9789264266360-5-en
SDG11: Sustainable cities and communities	Chicago Climate Action Plan Workforce	Urban Green Growth in Dynamic Asia	10.1787/9789264266360-5-en
SDG11: Sustainable cities and communities	Study City	Urban Green Growth in Dynamic Asia	10.1787/9789264266360-5-en
SDG11: Sustainable cities and communities	City Urban	Urban Green Growth in Dynamic Asia	10.1787/9789264266360-5-en
SDG11: Sustainable cities and communities	Green Building	Urban Green Growth in Dynamic Asia	10.1787/9789264266360-5-en
SDG11: Sustainable cities and communities	Green Infrastructure	Urban Green Growth in Dynamic Asia	10.1787/9789264266360-5-en
SDG11: Sustainable cities and communities	Industrial Symbiosis	Urban Green Growth in Dynamic Asia	10.1787/9789264266360-5-en
SDG11: Sustainable cities and communities	Green Roof	Urban Green Growth in Dynamic Asia	10.1787/9789264266360-5-en
SDG11: Sustainable cities and communities	Urban Resilience	Urban Green Growth in Dynamic Asia	10.1787/9789264266360-5-en
SDG11: Sustainable cities and communities	Green Public Purchasing	Environmentally Sustainable Buildings	10.1787/9789264033863-en
SDG11: Sustainable cities and communities	Environmental Labelling Scheme	Environmentally Sustainable Buildings	10.1787/9789264033863-en
SDG11: Sustainable cities and communities	Organisation For Economic Cooperation And Development	Environmentally Sustainable Buildings	10.1787/9789264033863-en
SDG11: Sustainable cities and communities	Home Energy Efficiency Scheme	Environmentally Sustainable Buildings	10.1787/9789264033863-en
SDG11: Sustainable cities and communities	Premium Loan	Environmentally Sustainable Buildings	10.1787/9789264033863-en
SDG11: Sustainable cities and communities	Organisation For Economic Cooperation And Development Country	Environmentally Sustainable Buildings	10.1787/9789264033863-en
SDG11: Sustainable cities and communities	Sustainable Building	Environmentally Sustainable Buildings	10.1787/9789264033863-en
SDG11: Sustainable cities and communities	Indoor Air Pollution	Environmentally Sustainable Buildings	10.1787/9789264033863-en
SDG11: Sustainable cities and communities	Energy Performance Advice	Environmentally Sustainable Buildings	10.1787/9789264033863-en
SDG11: Sustainable cities and communities	Green Public Purchasing Policy	Environmentally Sustainable Buildings	10.1787/9789264033863-en
SDG11: Sustainable cities and communities	Environmental Labelling	Environmentally Sustainable Buildings	10.1787/9789264033863-en
SDG11: Sustainable cities and communities	Energy Audit Programme	Environmentally Sustainable Buildings	10.1787/9789264033863-en
SDG11: Sustainable cities and communities	Engineer Wood Product	Environmentally Sustainable Buildings	10.1787/9789264033863-en
SDG11: Sustainable cities and communities	Indoor Air Quality	Environmentally Sustainable Buildings	10.1787/9789264033863-en
SDG11: Sustainable cities and communities	Virgin Material Tax	Environmentally Sustainable Buildings	10.1787/9789264033863-en
SDG11: Sustainable cities and communities	Demolition Waste	Environmentally Sustainable Buildings	10.1787/9789264033863-en
SDG11: Sustainable cities and communities	Instrument Option	Environmentally Sustainable Buildings	10.1787/9789264033863-en
SDG11: Sustainable cities and communities	Virgin Material	Environmentally Sustainable Buildings	10.1787/9789264033863-en
SDG11: Sustainable cities and communities	Labelling Scheme	Environmentally Sustainable Buildings	10.1787/9789264033863-en
SDG11: Sustainable cities and communities	Organisation For Economic Cooperation And Development 2003Chapter	Environmentally Sustainable Buildings	10.1787/9789264033863-en
SDG11: Sustainable cities and communities	Global Waste Management Outlook	Global Waste Management Outlook	10.18356_924733be-en
SDG11: Sustainable cities and communities	Municipal Solid Waste	Global Waste Management Outlook	10.18356_924733be-en
SDG11: Sustainable cities and communities	Municipal Solid Waste Management	Global Waste Management Outlook	10.18356_924733be-en
SDG11: Sustainable cities and communities	Extend Producer Responsibility	Global Waste Management Outlook	10.18356_924733be-en
SDG11: Sustainable cities and communities	Resource Management Data	Global Waste Management Outlook	10.18356_924733be-en
SDG11: Sustainable cities and communities	Solid Waste Management Service	Global Waste Management Outlook	10.18356_924733be-en
SDG11: Sustainable cities and communities	Action Imperative	Global Waste Management Outlook	10.18356_924733be-en
SDG11: Sustainable cities and communities	Uncontrolled Disposal	Global Waste Management Outlook	10.18356_924733be-en
SDG11: Sustainable cities and communities	Solid Waste Management	Global Waste Management Outlook	10.18356_924733be-en
SDG11: Sustainable cities and communities	Sustainable Consumption And Production	Global Waste Management Outlook	10.18356_924733be-en
SDG11: Sustainable cities and communities	Waste Management System	Global Waste Management Outlook	10.18356_924733be-en
SDG11: Sustainable cities and communities	Waste Management Service	Global Waste Management Outlook	10.18356_924733be-en
SDG11: Sustainable cities and communities	Waste Management Goal	Global Waste Management Outlook	10.18356_924733be-en
SDG11: Sustainable cities and communities	Municipal Solid Waste Management System	Global Waste Management Outlook	10.18356_924733be-en
SDG11: Sustainable cities and communities	Management Outlook	Global Waste Management Outlook	10.18356_924733be-en
SDG11: Sustainable cities and communities	Solid Waste Management System	Global Waste Management Outlook	10.18356_924733be-en
SDG11: Sustainable cities and communities	Waste Prevention	Global Waste Management Outlook	10.18356_924733be-en
SDG11: Sustainable cities and communities	Solid Waste	Global Waste Management Outlook	10.18356_924733be-en
SDG11: Sustainable cities and communities	Data Revolution	Global Waste Management Outlook	10.18356_924733be-en
SDG11: Sustainable cities and communities	Hazardous Waste	Global Waste Management Outlook	10.18356_924733be-en
SDG11: Sustainable cities and communities	Organisation For Economic Cooperation And Development Journal	Stocktaking Report and Policy Recommendations on Risk Awareness and Education on Natural Catastrophes	10.1787/gen_papers-v2008-art21-en
SDG11: Sustainable cities and communities	Risk Reduction Education	Stocktaking Report and Policy Recommendations on Risk Awareness and Education on Natural Catastrophes	10.1787/gen_papers-v2008-art21-en
SDG11: Sustainable cities and communities	General Paper	Stocktaking Report and Policy Recommendations on Risk Awareness and Education on Natural Catastrophes	10.1787/gen_papers-v2008-art21-en
SDG11: Sustainable cities and communities	Organisation For Economic Cooperation And Development	Stocktaking Report and Policy Recommendations on Risk Awareness and Education on Natural Catastrophes	10.1787/gen_papers-v2008-art21-en
SDG11: Sustainable cities and communities	Natural Hazard Risk	Stocktaking Report and Policy Recommendations on Risk Awareness and Education on Natural Catastrophes	10.1787/gen_papers-v2008-art21-en
SDG11: Sustainable cities and communities	Risk Awareness	Stocktaking Report and Policy Recommendations on Risk Awareness and Education on Natural Catastrophes	10.1787/gen_papers-v2008-art21-en
SDG11: Sustainable cities and communities	Risk Reduction Education Programme	Stocktaking Report and Policy Recommendations on Risk Awareness and Education on Natural Catastrophes	10.1787/gen_papers-v2008-art21-en
SDG11: Sustainable cities and communities	Reduction Education Programme	Stocktaking Report and Policy Recommendations on Risk Awareness and Education on Natural Catastrophes	10.1787/gen_papers-v2008-art21-en
SDG11: Sustainable cities and communities	Risk Reduction Strategy	Stocktaking Report and Policy Recommendations on Risk Awareness and Education on Natural Catastrophes	10.1787/gen_papers-v2008-art21-en
SDG11: Sustainable cities and communities	Disaster Risk Reduction	Stocktaking Report and Policy Recommendations on Risk Awareness and Education on Natural Catastrophes	10.1787/gen_papers-v2008-art21-en
SDG11: Sustainable cities and communities	Civic Sector	Stocktaking Report and Policy Recommendations on Risk Awareness and Education on Natural Catastrophes	10.1787/gen_papers-v2008-art21-en
SDG11: Sustainable cities and communities	Gujarat State Disaster Management Authority	Stocktaking Report and Policy Recommendations on Risk Awareness and Education on Natural Catastrophes	10.1787/gen_papers-v2008-art21-en
SDG11: Sustainable cities and communities	Risk Reduction Measure	Stocktaking Report and Policy Recommendations on Risk Awareness and Education on Natural Catastrophes	10.1787/gen_papers-v2008-art21-en
SDG11: Sustainable cities and communities	Risk Awareness Education	Stocktaking Report and Policy Recommendations on Risk Awareness and Education on Natural Catastrophes	10.1787/gen_papers-v2008-art21-en
SDG11: Sustainable cities and communities	Risk Reduction	Stocktaking Report and Policy Recommendations on Risk Awareness and Education on Natural Catastrophes	10.1787/gen_papers-v2008-art21-en
SDG11: Sustainable cities and communities	Natural Hazard	Stocktaking Report and Policy Recommendations on Risk Awareness and Education on Natural Catastrophes	10.1787/gen_papers-v2008-art21-en
SDG11: Sustainable cities and communities	Disaster Risk Reduction Education	Stocktaking Report and Policy Recommendations on Risk Awareness and Education on Natural Catastrophes	10.1787/gen_papers-v2008-art21-en
SDG11: Sustainable cities and communities	Natural Hazard Disaster	Stocktaking Report and Policy Recommendations on Risk Awareness and Education on Natural Catastrophes	10.1787/gen_papers-v2008-art21-en
SDG11: Sustainable cities and communities	Natural Hazard Event	Stocktaking Report and Policy Recommendations on Risk Awareness and Education on Natural Catastrophes	10.1787/gen_papers-v2008-art21-en
SDG11: Sustainable cities and communities	Public Risk Awareness	Stocktaking Report and Policy Recommendations on Risk Awareness and Education on Natural Catastrophes	10.1787/gen_papers-v2008-art21-en
SDG11: Sustainable cities and communities	Urban Green Growth	Urban Green Growth in Dynamic Asia	10.1787/5js7svlw8m0x-en
SDG11: Sustainable cities and communities	Sustainable Material Management	Urban Green Growth in Dynamic Asia	10.1787/5js7svlw8m0x-en
SDG11: Sustainable cities and communities	Urban Policy Context	Urban Green Growth in Dynamic Asia	10.1787/5js7svlw8m0x-en
SDG11: Sustainable cities and communities	Key Policy Strategy	Urban Green Growth in Dynamic Asia	10.1787/5js7svlw8m0x-en
SDG11: Sustainable cities and communities	Asian City	Urban Green Growth in Dynamic Asia	10.1787/5js7svlw8m0x-en
SDG11: Sustainable cities and communities	Green Urban Infrastructure	Urban Green Growth in Dynamic Asia	10.1787/5js7svlw8m0x-en
SDG11: Sustainable cities and communities	Low-carbon , Climate Resilient	Urban Green Growth in Dynamic Asia	10.1787/5js7svlw8m0x-en
SDG11: Sustainable cities and communities	Chicago Climate Action Plan	Urban Green Growth in Dynamic Asia	10.1787/5js7svlw8m0x-en
SDG11: Sustainable cities and communities	Green Growth	Urban Green Growth in Dynamic Asia	10.1787/5js7svlw8m0x-en
SDG11: Sustainable cities and communities	Green Growth Knowledge Platform	Urban Green Growth in Dynamic Asia	10.1787/5js7svlw8m0x-en
SDG11: Sustainable cities and communities	Urban Green Growth Policy	Urban Green Growth in Dynamic Asia	10.1787/5js7svlw8m0x-en
SDG11: Sustainable cities and communities	Bilateral Official Development Assistance Activity	Urban Green Growth in Dynamic Asia	10.1787/5js7svlw8m0x-en
SDG11: Sustainable cities and communities	OECD Development Assistance Committee Creditor Reporting System	Urban Green Growth in Dynamic Asia	10.1787/5js7svlw8m0x-en
SDG11: Sustainable cities and communities	Urban Green Infrastructure Project	Urban Green Growth in Dynamic Asia	10.1787/5js7svlw8m0x-en
SDG11: Sustainable cities and communities	Chicago Climate Action Plan Workforce	Urban Green Growth in Dynamic Asia	10.1787/5js7svlw8m0x-en
SDG11: Sustainable cities and communities	Green Public Procurement	Urban Green Growth in Dynamic Asia	10.1787/5js7svlw8m0x-en
SDG11: Sustainable cities and communities	Development Assistance Committee Creditor Reporting System	Urban Green Growth in Dynamic Asia	10.1787/5js7svlw8m0x-en
SDG11: Sustainable cities and communities	Case Study Structure	Urban Green Growth in Dynamic Asia	10.1787/5js7svlw8m0x-en
SDG11: Sustainable cities and communities	Green Growth Action	Urban Green Growth in Dynamic Asia	10.1787/5js7svlw8m0x-en
SDG11: Sustainable cities and communities	Green Growth Policy	Urban Green Growth in Dynamic Asia	10.1787/5js7svlw8m0x-en
SDG13: Climate action	Economic Commission For Latin America And The Caribbean	Climate Change Risks and Adaptation	10.1787/9789264234611-6-en
SDG13: Climate action	Intergovernmental Panel On Climate Change	Climate Change Risks and Adaptation	10.1787/9789264234611-6-en
SDG13: Climate action	Scale Climate	Climate Change Risks and Adaptation	10.1787/9789264234611-6-en
SDG13: Climate action	Adaptation Cost	Climate Change Risks and Adaptation	10.1787/9789264234611-6-en
SDG13: Climate action	International Institute For Environment And Development	Climate Change Risks and Adaptation	10.1787/9789264234611-6-en
SDG13: Climate action	Climate Change Risk	Climate Change Risks and Adaptation	10.1787/9789264234611-6-en
SDG13: Climate action	Adaptation Option	Climate Change Risks and Adaptation	10.1787/9789264234611-6-en
SDG13: Climate action	Estimate Adaptation Cost	Climate Change Risks and Adaptation	10.1787/9789264234611-6-en
SDG13: Climate action	Impact Assessment Study	Climate Change Risks and Adaptation	10.1787/9789264234611-6-en
SDG13: Climate action	Flood Risk Management	Climate Change Risks and Adaptation	10.1787/9789264234611-6-en
SDG13: Climate action	Flood Risk	Climate Change Risks and Adaptation	10.1787/9789264234611-6-en
SDG13: Climate action	Delta Programme	Climate Change Risks and Adaptation	10.1787/9789264234611-6-en
SDG13: Climate action	Link Policy	Climate Change Risks and Adaptation	10.1787/9789264234611-6-en
SDG13: Climate action	Climate Change Adaptation	Climate Change Risks and Adaptation	10.1787/9789264234611-6-en
SDG13: Climate action	Climate Smart Agriculture	Climate Change Risks and Adaptation	10.1787/9789264234611-6-en
SDG13: Climate action	Adaptation Deficit	Climate Change Risks and Adaptation	10.1787/9789264234611-6-en
SDG13: Climate action	Real Option Analysis	Climate Change Risks and Adaptation	10.1787/9789264234611-6-en
SDG13: Climate action	Future Climate Risk	Climate Change Risks and Adaptation	10.1787/9789264234611-6-en
SDG13: Climate action	Climate Risk Screening	Climate Change Risks and Adaptation	10.1787/9789264234611-6-en
SDG13: Climate action	Regional Scale	Climate Change Risks and Adaptation	10.1787/9789264234611-6-en
SDG13: Climate action	United Nations Framework Convention On Climate Change	Communicating progress in national and global adaptation to climate change	10.1787/5jlww009v1hj-en
SDG13: Climate action	Global Stocktake	Communicating progress in national and global adaptation to climate change	10.1787/5jlww009v1hj-en
SDG13: Climate action	Adaptation Communication	Communicating progress in national and global adaptation to climate change	10.1787/5jlww009v1hj-en
SDG13: Climate action	Adaptation Component	Communicating progress in national and global adaptation to climate change	10.1787/5jlww009v1hj-en
SDG13: Climate action	National Adaptation Plan	Communicating progress in national and global adaptation to climate change	10.1787/5jlww009v1hj-en
SDG13: Climate action	Organisation For Economic Cooperation And Development	Communicating progress in national and global adaptation to climate change	10.1787/5jlww009v1hj-en
SDG13: Climate action	Adaptation Action	Communicating progress in national and global adaptation to climate change	10.1787/5jlww009v1hj-en
SDG13: Climate action	Paris Agreement	Communicating progress in national and global adaptation to climate change	10.1787/5jlww009v1hj-en
SDG13: Climate action	Climate Change Expert Group Paper	Communicating progress in national and global adaptation to climate change	10.1787/5jlww009v1hj-en
SDG13: Climate action	Develop Country Party	Communicating progress in national and global adaptation to climate change	10.1787/5jlww009v1hj-en
SDG13: Climate action	National Adaptation Plan Process	Communicating progress in national and global adaptation to climate change	10.1787/5jlww009v1hj-en
SDG13: Climate action	Adaptation Plan	Communicating progress in national and global adaptation to climate change	10.1787/5jlww009v1hj-en
SDG13: Climate action	Adaptation Support	Communicating progress in national and global adaptation to climate change	10.1787/5jlww009v1hj-en
SDG13: Climate action	Small Island Develop State	Communicating progress in national and global adaptation to climate change	10.1787/5jlww009v1hj-en
SDG13: Climate action	Adaptation Goal	Communicating progress in national and global adaptation to climate change	10.1787/5jlww009v1hj-en
SDG13: Climate action	Nap Process	Communicating progress in national and global adaptation to climate change	10.1787/5jlww009v1hj-en
SDG13: Climate action	Adaptation Plan Process	Communicating progress in national and global adaptation to climate change	10.1787/5jlww009v1hj-en
SDG13: Climate action	Global Adaptation	Communicating progress in national and global adaptation to climate change	10.1787/5jlww009v1hj-en
SDG13: Climate action	Adaptation Committee	Communicating progress in national and global adaptation to climate change	10.1787/5jlww009v1hj-en
SDG13: Climate action	National Adaptation	Communicating progress in national and global adaptation to climate change	10.1787/5jlww009v1hj-en
SDG13: Climate action	United Nations Framework Convention On Climate Change	Assessing Options to Increase Climate Support	10.1787/5jrw65rp0pg8-en
SDG13: Climate action	Climate Finance	Assessing Options to Increase Climate Support	10.1787/5jrw65rp0pg8-en
SDG13: Climate action	Technology Executive Committee	Assessing Options to Increase Climate Support	10.1787/5jrw65rp0pg8-en
SDG13: Climate action	Mobilise Climate Finance	Assessing Options to Increase Climate Support	10.1787/5jrw65rp0pg8-en
SDG13: Climate action	Green Climate Fund	Assessing Options to Increase Climate Support	10.1787/5jrw65rp0pg8-en
SDG13: Climate action	Climate Change Expert Group Paper	Assessing Options to Increase Climate Support	10.1787/5jrw65rp0pg8-en
SDG13: Climate action	United Nations Framework Convention On Climate Change Context	Assessing Options to Increase Climate Support	10.1787/5jrw65rp0pg8-en
SDG13: Climate action	Science , Technology And Innovation	Assessing Options to Increase Climate Support	10.1787/5jrw65rp0pg8-en
SDG13: Climate action	Climate Support	Assessing Options to Increase Climate Support	10.1787/5jrw65rp0pg8-en
SDG13: Climate action	Carbon Capture And Storage	Assessing Options to Increase Climate Support	10.1787/5jrw65rp0pg8-en
SDG13: Climate action	High-carbon Investment	Assessing Options to Increase Climate Support	10.1787/5jrw65rp0pg8-en
SDG13: Climate action	Private Climate Finance	Assessing Options to Increase Climate Support	10.1787/5jrw65rp0pg8-en
SDG13: Climate action	International Climate Finance	Assessing Options to Increase Climate Support	10.1787/5jrw65rp0pg8-en
SDG13: Climate action	Climate Bond Initiative	Assessing Options to Increase Climate Support	10.1787/5jrw65rp0pg8-en
SDG13: Climate action	Climate Technology Centre And Network	Assessing Options to Increase Climate Support	10.1787/5jrw65rp0pg8-en
SDG13: Climate action	United Nations Framework Convention On Climate Change Framework	Assessing Options to Increase Climate Support	10.1787/5jrw65rp0pg8-en
SDG13: Climate action	Table ES-2	Assessing Options to Increase Climate Support	10.1787/5jrw65rp0pg8-en
SDG13: Climate action	Climate Finance Goal	Assessing Options to Increase Climate Support	10.1787/5jrw65rp0pg8-en
SDG13: Climate action	Green Bond	Assessing Options to Increase Climate Support	10.1787/5jrw65rp0pg8-en
SDG13: Climate action	Integrate Capacity Building	Assessing Options to Increase Climate Support	10.1787/5jrw65rp0pg8-en
SDG13: Climate action	Urban Climate Adaptation	Urban Climate Adaptation and Leadership	10.1787/5k3ttg88w8hh-en
SDG13: Climate action	Urban Climate	Urban Climate Adaptation and Leadership	10.1787/5k3ttg88w8hh-en
SDG13: Climate action	Urban Adaptation	Urban Climate Adaptation and Leadership	10.1787/5k3ttg88w8hh-en
SDG13: Climate action	Conceptual Understanding	Urban Climate Adaptation and Leadership	10.1787/5k3ttg88w8hh-en
SDG13: Climate action	Adaptation Planning	Urban Climate Adaptation and Leadership	10.1787/5k3ttg88w8hh-en
SDG13: Climate action	Climate And Development Knowledge Network	Urban Climate Adaptation and Leadership	10.1787/5k3ttg88w8hh-en
SDG13: Climate action	Climate Adaptation	Urban Climate Adaptation and Leadership	10.1787/5k3ttg88w8hh-en
SDG13: Climate action	Practical Action	Urban Climate Adaptation and Leadership	10.1787/5k3ttg88w8hh-en
SDG13: Climate action	Adaptation Initiative	Urban Climate Adaptation and Leadership	10.1787/5k3ttg88w8hh-en
SDG13: Climate action	United Nations Capital Development Fund	Urban Climate Adaptation and Leadership	10.1787/5k3ttg88w8hh-en
SDG13: Climate action	City Climate Change	Urban Climate Adaptation and Leadership	10.1787/5k3ttg88w8hh-en
SDG13: Climate action	Climate Change Risk Assessment	Urban Climate Adaptation and Leadership	10.1787/5k3ttg88w8hh-en
SDG13: Climate action	Adaptation Program	Urban Climate Adaptation and Leadership	10.1787/5k3ttg88w8hh-en
SDG13: Climate action	Climate Change Adaptation	Urban Climate Adaptation and Leadership	10.1787/5k3ttg88w8hh-en
SDG13: Climate action	UK Climate Impact Programme	Urban Climate Adaptation and Leadership	10.1787/5k3ttg88w8hh-en
SDG13: Climate action	Adaptation Planning Process	Urban Climate Adaptation and Leadership	10.1787/5k3ttg88w8hh-en
SDG13: Climate action	Adaptation Priority	Urban Climate Adaptation and Leadership	10.1787/5k3ttg88w8hh-en
SDG13: Climate action	Intergovernmental Panel On Climate Change	Urban Climate Adaptation and Leadership	10.1787/5k3ttg88w8hh-en
SDG13: Climate action	Adaptation Intervention	Urban Climate Adaptation and Leadership	10.1787/5k3ttg88w8hh-en
SDG13: Climate action	Project Climate Impact	Urban Climate Adaptation and Leadership	10.1787/5k3ttg88w8hh-en
SDG13: Climate action	General Paper	Climate challenges to Africa, a call for action	10.1787/gen_papers-2010-5k9bdtsvgg5d
SDG13: Climate action	United Nations Framework Convention On Climate Change	Climate challenges to Africa, a call for action	10.1787/gen_papers-2010-5k9bdtsvgg5d
SDG13: Climate action	Forest Carbon Partnership Facility	Climate challenges to Africa, a call for action	10.1787/gen_papers-2010-5k9bdtsvgg5d
SDG13: Climate action	Clean Development Mechanism Project	Climate challenges to Africa, a call for action	10.1787/gen_papers-2010-5k9bdtsvgg5d
SDG13: Climate action	Global Gas Flaring Reduction	Climate challenges to Africa, a call for action	10.1787/gen_papers-2010-5k9bdtsvgg5d
SDG13: Climate action	National Adaptation Programme Of Action	Climate challenges to Africa, a call for action	10.1787/gen_papers-2010-5k9bdtsvgg5d
SDG13: Climate action	Clean Development Mechanism	Climate challenges to Africa, a call for action	10.1787/gen_papers-2010-5k9bdtsvgg5d
SDG13: Climate action	Intergovernmental Panel On Climate Change	Climate challenges to Africa, a call for action	10.1787/gen_papers-2010-5k9bdtsvgg5d
SDG13: Climate action	Africa Partnership Forum	Climate challenges to Africa, a call for action	10.1787/gen_papers-2010-5k9bdtsvgg5d
SDG13: Climate action	Climate Challenge	Climate challenges to Africa, a call for action	10.1787/gen_papers-2010-5k9bdtsvgg5d
SDG13: Climate action	Continental Early Warning System	Climate challenges to Africa, a call for action	10.1787/gen_papers-2010-5k9bdtsvgg5d
SDG13: Climate action	Southern Africa Development Community	Climate challenges to Africa, a call for action	10.1787/gen_papers-2010-5k9bdtsvgg5d
SDG13: Climate action	Nile Basin Initiative	Climate challenges to Africa, a call for action	10.1787/gen_papers-2010-5k9bdtsvgg5d
SDG13: Climate action	United Nations Development Programme Human Development Report	Climate challenges to Africa, a call for action	10.1787/gen_papers-2010-5k9bdtsvgg5d
SDG13: Climate action	Climate Risk Management	Climate challenges to Africa, a call for action	10.1787/gen_papers-2010-5k9bdtsvgg5d
SDG13: Climate action	Rift Valley Fever	Climate challenges to Africa, a call for action	10.1787/gen_papers-2010-5k9bdtsvgg5d
SDG13: Climate action	Reduce Emission From Deforestation And Degradation	Climate challenges to Africa, a call for action	10.1787/gen_papers-2010-5k9bdtsvgg5d
SDG13: Climate action	OECD Journal	Climate challenges to Africa, a call for action	10.1787/gen_papers-2010-5k9bdtsvgg5d
SDG13: Climate action	Integrate Water Resource Management	Climate challenges to Africa, a call for action	10.1787/gen_papers-2010-5k9bdtsvgg5d
SDG13: Climate action	Designate National Authority	Climate challenges to Africa, a call for action	10.1787/gen_papers-2010-5k9bdtsvgg5d
SDG13: Climate action	Adapt Agriculture	Adapting Agriculture to Climate Change	10.1787/5js08hwvfnr4-en
SDG13: Climate action	Fishery Paper	Adapting Agriculture to Climate Change	10.1787/5js08hwvfnr4-en
SDG13: Climate action	OECD Food	Adapting Agriculture to Climate Change	10.1787/5js08hwvfnr4-en
SDG13: Climate action	United Nations Framework Convention On Climate Change	Adapting Agriculture to Climate Change	10.1787/5js08hwvfnr4-en
SDG13: Climate action	Public Policy OECD	Adapting Agriculture to Climate Change	10.1787/5js08hwvfnr4-en
SDG13: Climate action	Gesellschaft F R Internationale Zusammenarbeit	Adapting Agriculture to Climate Change	10.1787/5js08hwvfnr4-en
SDG13: Climate action	Adaptation Action	Adapting Agriculture to Climate Change	10.1787/5js08hwvfnr4-en
SDG13: Climate action	National Adaptation Strategy	Adapting Agriculture to Climate Change	10.1787/5js08hwvfnr4-en
SDG13: Climate action	European Agricultural Fund For Rural Development	Adapting Agriculture to Climate Change	10.1787/5js08hwvfnr4-en
SDG13: Climate action	United States Department Of Agriculture	Adapting Agriculture to Climate Change	10.1787/5js08hwvfnr4-en
SDG13: Climate action	Climate Change Adaptation	Adapting Agriculture to Climate Change	10.1787/5js08hwvfnr4-en
SDG13: Climate action	United Nations Framework Convention On Climate Change National Communication	Adapting Agriculture to Climate Change	10.1787/5js08hwvfnr4-en
SDG13: Climate action	Climate Change Action Plan	Adapting Agriculture to Climate Change	10.1787/5js08hwvfnr4-en
SDG13: Climate action	Adaptation Sub-Committee	Adapting Agriculture to Climate Change	10.1787/5js08hwvfnr4-en
SDG13: Climate action	World Resource Institute	Adapting Agriculture to Climate Change	10.1787/5js08hwvfnr4-en
SDG13: Climate action	National Adaptation Plan	Adapting Agriculture to Climate Change	10.1787/5js08hwvfnr4-en
SDG13: Climate action	Adaptation Strategy	Adapting Agriculture to Climate Change	10.1787/5js08hwvfnr4-en
SDG13: Climate action	Integrate Pest Management	Adapting Agriculture to Climate Change	10.1787/5js08hwvfnr4-en
SDG13: Climate action	Climate Change	Adapting Agriculture to Climate Change	10.1787/5js08hwvfnr4-en
SDG13: Climate action	Sub-national Assessment	Adapting Agriculture to Climate Change	10.1787/5js08hwvfnr4-en
SDG13: Climate action	Urban Heat Island Effect	Competitive Cities and Climate Change	10.1787/218830433146
SDG13: Climate action	Urban Heat Island	Competitive Cities and Climate Change	10.1787/218830433146
SDG13: Climate action	Predominantly Urban	Competitive Cities and Climate Change	10.1787/218830433146
SDG13: Climate action	Predominantly Urban Area	Competitive Cities and Climate Change	10.1787/218830433146
SDG13: Climate action	Climate Change Governance	Competitive Cities and Climate Change	10.1787/218830433146
SDG13: Climate action	Local Climate Change	Competitive Cities and Climate Change	10.1787/218830433146
SDG13: Climate action	Land-use Zoning	Competitive Cities and Climate Change	10.1787/218830433146
SDG13: Climate action	IMACLIM-R Model	Competitive Cities and Climate Change	10.1787/218830433146
SDG13: Climate action	Compact City	Competitive Cities and Climate Change	10.1787/218830433146
SDG13: Climate action	Land-use Zoning Policy	Competitive Cities and Climate Change	10.1787/218830433146
SDG13: Climate action	OECD Metropolitan Database	Competitive Cities and Climate Change	10.1787/218830433146
SDG13: Climate action	Practice Questionnaire	Competitive Cities and Climate Change	10.1787/218830433146
SDG13: Climate action	Metropolitan Transportation Commission	Competitive Cities and Climate Change	10.1787/218830433146
SDG13: Climate action	Pan Yellow Sea Region	Competitive Cities and Climate Change	10.1787/218830433146
SDG13: Climate action	Kitakyushu City	Competitive Cities and Climate Change	10.1787/218830433146
SDG13: Climate action	OECD Regional Database	Competitive Cities and Climate Change	10.1787/218830433146
SDG13: Climate action	GHG Emission	Competitive Cities and Climate Change	10.1787/218830433146
SDG13: Climate action	High Occupancy Vehicle	Competitive Cities and Climate Change	10.1787/218830433146
SDG13: Climate action	OECD Workshop Proceeding	Competitive Cities and Climate Change	10.1787/218830433146
SDG13: Climate action	Information And Communication Technology	Competitive Cities and Climate Change	10.1787/218830433146
SDG13: Climate action	United Nations Framework Convention On Climate Change	Progress on Adaptation to Climate Change in Developed Countries	10.1787/oecd_papers-v6-art8-en
SDG13: Climate action	Department For Environment , Food , And Rural Affair	Progress on Adaptation to Climate Change in Developed Countries	10.1787/oecd_papers-v6-art8-en
SDG13: Climate action	Organisation For Economic Cooperation And Development	Progress on Adaptation to Climate Change in Developed Countries	10.1787/oecd_papers-v6-art8-en
SDG13: Climate action	National Greenhouse Strategy	Progress on Adaptation to Climate Change in Developed Countries	10.1787/oecd_papers-v6-art8-en
SDG13: Climate action	Adaptation Option	Progress on Adaptation to Climate Change in Developed Countries	10.1787/oecd_papers-v6-art8-en
SDG13: Climate action	Historical Climate Trend	Progress on Adaptation to Climate Change in Developed Countries	10.1787/oecd_papers-v6-art8-en
SDG13: Climate action	Adaptation Measure	Progress on Adaptation to Climate Change in Developed Countries	10.1787/oecd_papers-v6-art8-en
SDG13: Climate action	Sea-level Rise	Progress on Adaptation to Climate Change in Developed Countries	10.1787/oecd_papers-v6-art8-en
SDG13: Climate action	Implement Adaptation Measure	Progress on Adaptation to Climate Change in Developed Countries	10.1787/oecd_papers-v6-art8-en
SDG13: Climate action	Coastal Policy Statement	Progress on Adaptation to Climate Change in Developed Countries	10.1787/oecd_papers-v6-art8-en
SDG13: Climate action	Organisation For Economic Cooperation And Development Environmental Performance Review	Progress on Adaptation to Climate Change in Developed Countries	10.1787/oecd_papers-v6-art8-en
SDG13: Climate action	Identify Adaptation Option	Progress on Adaptation to Climate Change in Developed Countries	10.1787/oecd_papers-v6-art8-en
SDG13: Climate action	Natural Hazard Management	Progress on Adaptation to Climate Change in Developed Countries	10.1787/oecd_papers-v6-art8-en
SDG13: Climate action	Climate Change Impact	Progress on Adaptation to Climate Change in Developed Countries	10.1787/oecd_papers-v6-art8-en
SDG13: Climate action	Coastal Defence	Progress on Adaptation to Climate Change in Developed Countries	10.1787/oecd_papers-v6-art8-en
SDG13: Climate action	Climate Change Projection	Progress on Adaptation to Climate Change in Developed Countries	10.1787/oecd_papers-v6-art8-en
SDG13: Climate action	Storm Surge Barrier	Progress on Adaptation to Climate Change in Developed Countries	10.1787/oecd_papers-v6-art8-en
SDG13: Climate action	Current Climate Variability	Progress on Adaptation to Climate Change in Developed Countries	10.1787/oecd_papers-v6-art8-en
SDG13: Climate action	Hazard Zone	Progress on Adaptation to Climate Change in Developed Countries	10.1787/oecd_papers-v6-art8-en
SDG13: Climate action	Natural Hazard	Progress on Adaptation to Climate Change in Developed Countries	10.1787/oecd_papers-v6-art8-en
SDG13: Climate action	Social Cost Of Carbon	The Benefits of Climate Change Policies	10.1787/9789264108325-en
SDG13: Climate action	Social Cost Of Carbon Estimate	The Benefits of Climate Change Policies	10.1787/9789264108325-en
SDG13: Climate action	Intergovernmental Panel On Climate Change	The Benefits of Climate Change Policies	10.1787/9789264108325-en
SDG13: Climate action	United Nations Framework Convention On Climate Change	The Benefits of Climate Change Policies	10.1787/9789264108325-en
SDG13: Climate action	Willingness To Pay	The Benefits of Climate Change Policies	10.1787/9789264108325-en
SDG13: Climate action	Integrate Assessment Model	The Benefits of Climate Change Policies	10.1787/9789264108325-en
SDG13: Climate action	Willingness To Accept	The Benefits of Climate Change Policies	10.1787/9789264108325-en
SDG13: Climate action	Climate Change Damage	The Benefits of Climate Change Policies	10.1787/9789264108325-en
SDG13: Climate action	Abrupt Climate Change	The Benefits of Climate Change Policies	10.1787/9789264108325-en
SDG13: Climate action	Net Ecosystem Productivity	The Benefits of Climate Change Policies	10.1787/9789264108325-en
SDG13: Climate action	Quasi-fixed Factor	The Benefits of Climate Change Policies	10.1787/9789264108325-en
SDG13: Climate action	Climate Sensitivity	The Benefits of Climate Change Policies	10.1787/9789264108325-en
SDG13: Climate action	Thermohaline Circulation	The Benefits of Climate Change Policies	10.1787/9789264108325-en
SDG13: Climate action	Sea Surface Temperature	The Benefits of Climate Change Policies	10.1787/9789264108325-en
SDG13: Climate action	Cumulative Density Function	The Benefits of Climate Change Policies	10.1787/9789264108325-en
SDG13: Climate action	Dangerous Climate Change	The Benefits of Climate Change Policies	10.1787/9789264108325-en
SDG13: Climate action	Damage Function	The Benefits of Climate Change Policies	10.1787/9789264108325-en
SDG13: Climate action	Coral Bleaching	The Benefits of Climate Change Policies	10.1787/9789264108325-en
SDG13: Climate action	General Circulation Model	The Benefits of Climate Change Policies	10.1787/9789264108325-en
SDG13: Climate action	Probability Distribution Function	The Benefits of Climate Change Policies	10.1787/9789264108325-en
SDG13: Climate action	United Nations Framework Convention On Climate Change	Mainstreaming Adaptation in National Development Planning	10.1787/5jlsv0689qs6-en
SDG13: Climate action	Pilot Program For Climate Resilience	Mainstreaming Adaptation in National Development Planning	10.1787/5jlsv0689qs6-en
SDG13: Climate action	National Adaptation Plan Process	Mainstreaming Adaptation in National Development Planning	10.1787/5jlsv0689qs6-en
SDG13: Climate action	Mainstreaming Adaptation	Mainstreaming Adaptation in National Development Planning	10.1787/5jlsv0689qs6-en
SDG13: Climate action	National Adaptation Plan	Mainstreaming Adaptation in National Development Planning	10.1787/5jlsv0689qs6-en
SDG13: Climate action	Climate Change Plan	Mainstreaming Adaptation in National Development Planning	10.1787/5jlsv0689qs6-en
SDG13: Climate action	Special Climate Change Fund	Mainstreaming Adaptation in National Development Planning	10.1787/5jlsv0689qs6-en
SDG13: Climate action	OECD Development Assistance Committee Creditor Reporting System	Mainstreaming Adaptation in National Development Planning	10.1787/5jlsv0689qs6-en
SDG13: Climate action	Development Assistance Committee Creditor Reporting System	Mainstreaming Adaptation in National Development Planning	10.1787/5jlsv0689qs6-en
SDG13: Climate action	Least Develop Country Fund	Mainstreaming Adaptation in National Development Planning	10.1787/5jlsv0689qs6-en
SDG13: Climate action	Ecosystem-based Adaptation	Mainstreaming Adaptation in National Development Planning	10.1787/5jlsv0689qs6-en
SDG13: Climate action	The Economic Of Ecosystem And Biodiversity	Mainstreaming Adaptation in National Development Planning	10.1787/5jlsv0689qs6-en
SDG13: Climate action	United Nations Framework Convention On Climate Change Secretariat	Mainstreaming Adaptation in National Development Planning	10.1787/5jlsv0689qs6-en
SDG13: Climate action	Green Climate Fund	Mainstreaming Adaptation in National Development Planning	10.1787/5jlsv0689qs6-en
SDG13: Climate action	Integrate Adaptation Consideration	Mainstreaming Adaptation in National Development Planning	10.1787/5jlsv0689qs6-en
SDG13: Climate action	National Climate Change Plan	Mainstreaming Adaptation in National Development Planning	10.1787/5jlsv0689qs6-en
SDG13: Climate action	Climate Change Adaptation	Mainstreaming Adaptation in National Development Planning	10.1787/5jlsv0689qs6-en
SDG13: Climate action	Climate And Development Knowledge Network	Mainstreaming Adaptation in National Development Planning	10.1787/5jlsv0689qs6-en
SDG13: Climate action	LDC Expert Group	Mainstreaming Adaptation in National Development Planning	10.1787/5jlsv0689qs6-en
SDG13: Climate action	Intergovernmental Panel On Climate Change	Mainstreaming Adaptation in National Development Planning	10.1787/5jlsv0689qs6-en
SDG13: Climate action	Climate Change Risk Assessment	National Adaptation Planning	10.1787/5k483jpfpsq1-en
SDG13: Climate action	United Nations Framework Convention On Climate Change	National Adaptation Planning	10.1787/5k483jpfpsq1-en
SDG13: Climate action	National Adaptation Planning	National Adaptation Planning	10.1787/5k483jpfpsq1-en
SDG13: Climate action	Council On Environmental Quality	National Adaptation Planning	10.1787/5k483jpfpsq1-en
SDG13: Climate action	National Climate Assessment	National Adaptation Planning	10.1787/5k483jpfpsq1-en
SDG13: Climate action	Adaptation Plan	National Adaptation Planning	10.1787/5k483jpfpsq1-en
SDG13: Climate action	National Flood Insurance Program	National Adaptation Planning	10.1787/5k483jpfpsq1-en
SDG13: Climate action	National Adaptation Programme	National Adaptation Planning	10.1787/5k483jpfpsq1-en
SDG13: Climate action	National Adaptation Strategy	National Adaptation Planning	10.1787/5k483jpfpsq1-en
SDG13: Climate action	National Climate Change Strategy	National Adaptation Planning	10.1787/5k483jpfpsq1-en
SDG13: Climate action	National Adaptation	National Adaptation Planning	10.1787/5k483jpfpsq1-en
SDG13: Climate action	National Oceanic And Atmospheric Administration	National Adaptation Planning	10.1787/5k483jpfpsq1-en
SDG13: Climate action	Adaptation Task	National Adaptation Planning	10.1787/5k483jpfpsq1-en
SDG13: Climate action	Adaptation Programme	National Adaptation Planning	10.1787/5k483jpfpsq1-en
SDG13: Climate action	Climate Change Adaptation	National Adaptation Planning	10.1787/5k483jpfpsq1-en
SDG13: Climate action	Global Change Research Program	National Adaptation Planning	10.1787/5k483jpfpsq1-en
SDG13: Climate action	Global Change Research	National Adaptation Planning	10.1787/5k483jpfpsq1-en
SDG13: Climate action	Of Science And Technology Policy	National Adaptation Planning	10.1787/5k483jpfpsq1-en
SDG13: Climate action	Adaptation Strategy	National Adaptation Planning	10.1787/5k483jpfpsq1-en
SDG13: Climate action	Adaptation Action	National Adaptation Planning	10.1787/5k483jpfpsq1-en
SDG13: Climate action	Carbon Capture And Storage	OECD Environmental Outlook to 2050	10.1787/env_outlook-2012-6-en
SDG13: Climate action	United Nations Framework Convention On Climate Change	OECD Environmental Outlook to 2051	10.1787/env_outlook-2012-6-en
SDG13: Climate action	OECD Environmental Outlook	OECD Environmental Outlook to 2052	10.1787/env_outlook-2012-6-en
SDG13: Climate action	Core Scenario	OECD Environmental Outlook to 2053	10.1787/env_outlook-2012-6-en
SDG13: Climate action	Rest Of The World	OECD Environmental Outlook to 2054	10.1787/env_outlook-2012-6-en
SDG13: Climate action	Environmental Outlook Baseline Scenario	OECD Environmental Outlook to 2055	10.1787/env_outlook-2012-6-en
SDG13: Climate action	OECD Environmental Outlook Baseline	OECD Environmental Outlook to 2056	10.1787/env_outlook-2012-6-en
SDG13: Climate action	Fossil Fuel Subsidy Reform	OECD Environmental Outlook to 2057	10.1787/env_outlook-2012-6-en
SDG13: Climate action	International Energy Agency	OECD Environmental Outlook to 2058	10.1787/env_outlook-2012-6-en
SDG13: Climate action	Action Scenario	OECD Environmental Outlook to 2059	10.1787/env_outlook-2012-6-en
SDG13: Climate action	Rest Of The World Country	OECD Environmental Outlook to 2060	10.1787/env_outlook-2012-6-en
SDG13: Climate action	Permit Allocation Rule	OECD Environmental Outlook to 2061	10.1787/env_outlook-2012-6-en
SDG13: Climate action	Fossil Fuel Subsidy	OECD Environmental Outlook to 2062	10.1787/env_outlook-2012-6-en
SDG13: Climate action	Black Carbon	OECD Environmental Outlook to 2063	10.1787/env_outlook-2012-6-en
SDG13: Climate action	Link Carbon Market	OECD Environmental Outlook to 2064	10.1787/env_outlook-2012-6-en
SDG13: Climate action	Climate CHANGEThe	OECD Environmental Outlook to 2065	10.1787/env_outlook-2012-6-en
SDG13: Climate action	Ppm Scenario	OECD Environmental Outlook to 2066	10.1787/env_outlook-2012-6-en
SDG13: Climate action	ENV-Linkages Model	OECD Environmental Outlook to 2067	10.1787/env_outlook-2012-6-en
SDG13: Climate action	European Free Trade Area	OECD Environmental Outlook to 2068	10.1787/env_outlook-2012-6-en
SDG13: Climate action	International Energy Agency Fossil Fuel	OECD Environmental Outlook to 2069	10.1787/env_outlook-2012-6-en
SDG13: Climate action	United Nations Framework Convention On Climate Change	The role of the 2015 agreement in enhancing adaptation to climate change	10.1787/5jrxg3xb0h20-en
SDG13: Climate action	National Adaptation Plan Process	The role of the 2015 agreement in enhancing adaptation to climate change	10.1787/5jrxg3xb0h20-en
SDG13: Climate action	National Adaptation Plan	The role of the 2015 agreement in enhancing adaptation to climate change	10.1787/5jrxg3xb0h20-en
SDG13: Climate action	Pilot Programme For Climate Resilience	The role of the 2015 agreement in enhancing adaptation to climate change	10.1787/5jrxg3xb0h20-en
SDG13: Climate action	National Adaptation Programme Of Action	The role of the 2015 agreement in enhancing adaptation to climate change	10.1787/5jrxg3xb0h20-en
SDG13: Climate action	Subsidiary Body For Scientific And Technological Advice	The role of the 2015 agreement in enhancing adaptation to climate change	10.1787/5jrxg3xb0h20-en
SDG13: Climate action	United Nations Framework Convention On Climate Change Regime	The role of the 2015 agreement in enhancing adaptation to climate change	10.1787/5jrxg3xb0h20-en
SDG13: Climate action	Intergovernmental Panel On Climate Change	The role of the 2015 agreement in enhancing adaptation to climate change	10.1787/5jrxg3xb0h20-en
SDG13: Climate action	Conference Of The Parti	The role of the 2015 agreement in enhancing adaptation to climate change	10.1787/5jrxg3xb0h20-en
SDG13: Climate action	Technology Executive Committee	The role of the 2015 agreement in enhancing adaptation to climate change	10.1787/5jrxg3xb0h20-en
SDG13: Climate action	Adaptation Committee	The role of the 2015 agreement in enhancing adaptation to climate change	10.1787/5jrxg3xb0h20-en
SDG13: Climate action	Cancun Adaptation Framework	The role of the 2015 agreement in enhancing adaptation to climate change	10.1787/5jrxg3xb0h20-en
SDG13: Climate action	United Nations Framework Convention On Climate Change Context	The role of the 2015 agreement in enhancing adaptation to climate change	10.1787/5jrxg3xb0h20-en
SDG13: Climate action	Nairobi Work Programme	The role of the 2015 agreement in enhancing adaptation to climate change	10.1787/5jrxg3xb0h20-en
SDG13: Climate action	Green Climate Fund	The role of the 2015 agreement in enhancing adaptation to climate change	10.1787/5jrxg3xb0h20-en
SDG13: Climate action	Adaptation Component	The role of the 2015 agreement in enhancing adaptation to climate change	10.1787/5jrxg3xb0h20-en
SDG13: Climate action	International Institute For Environment And Development	The role of the 2015 agreement in enhancing adaptation to climate change	10.1787/5jrxg3xb0h20-en
SDG13: Climate action	Develop Country Party	The role of the 2015 agreement in enhancing adaptation to climate change	10.1787/5jrxg3xb0h20-en
SDG13: Climate action	Climate Change Expert Group Paper	The role of the 2015 agreement in enhancing adaptation to climate change	10.1787/5jrxg3xb0h20-en
SDG13: Climate action	Small Island Develop State	The role of the 2015 agreement in enhancing adaptation to climate change	10.1787/5jrxg3xb0h20-en
SDG13: Climate action	Green House Gas Emission	Cities, Climate Change and Multilevel Governance	10.1787/220062444715
SDG13: Climate action	Reduce Green House Gas Emission	Cities, Climate Change and Multilevel Governance	10.1787/220062444715
SDG13: Climate action	California Climate Action Registry	Cities, Climate Change and Multilevel Governance	10.1787/220062444715
SDG13: Climate action	Green House Gas	Cities, Climate Change and Multilevel Governance	10.1787/220062444715
SDG13: Climate action	Public Interest Energy Research	Cities, Climate Change and Multilevel Governance	10.1787/220062444715
SDG13: Climate action	Multilevel Governance	Cities, Climate Change and Multilevel Governance	10.1787/220062444715
SDG13: Climate action	Climate Change Action Plan	Cities, Climate Change and Multilevel Governance	10.1787/220062444715
SDG13: Climate action	Motiva Oy	Cities, Climate Change and Multilevel Governance	10.1787/220062444715
SDG13: Climate action	Urban Heat Island	Cities, Climate Change and Multilevel Governance	10.1787/220062444715
SDG13: Climate action	Climate Change Governance	Cities, Climate Change and Multilevel Governance	10.1787/220062444715
SDG13: Climate action	Combine Heat And Power	Cities, Climate Change and Multilevel Governance	10.1787/220062444715
SDG13: Climate action	Green House Gas Reduction	Cities, Climate Change and Multilevel Governance	10.1787/220062444715
SDG13: Climate action	California Energy Commission	Cities, Climate Change and Multilevel Governance	10.1787/220062444715
SDG13: Climate action	Swedish Environmental Protection Agency	Cities, Climate Change and Multilevel Governance	10.1787/220062444715
SDG13: Climate action	Green Building Program	Cities, Climate Change and Multilevel Governance	10.1787/220062444715
SDG13: Climate action	Climate Change Action	Cities, Climate Change and Multilevel Governance	10.1787/220062444715
SDG13: Climate action	Environmental Protection Bureau	Cities, Climate Change and Multilevel Governance	10.1787/220062444715
SDG13: Climate action	Green Building	Cities, Climate Change and Multilevel Governance	10.1787/220062444715
SDG13: Climate action	Clinton Climate Initiative	Cities, Climate Change and Multilevel Governance	10.1787/220062444715
SDG13: Climate action	National Spatial Development Perspective	Cities, Climate Change and Multilevel Governance	10.1787/220062444715
SDG13: Climate action	LCR Infrastructure	Towards a Green Investment Policy Framework	10.1787/5k8zth7s6s6d-en
SDG13: Climate action	Bloomberg New Energy Finance	Towards a Green Investment Policy Framework	10.1787/5k8zth7s6s6d-en
SDG13: Climate action	LCR Infrastructure Investment	Towards a Green Investment Policy Framework	10.1787/5k8zth7s6s6d-en
SDG13: Climate action	United Nations Framework Convention On Climate Change	Towards a Green Investment Policy Framework	10.1787/5k8zth7s6s6d-en
SDG13: Climate action	Advisory Group On Climate Change Financing	Towards a Green Investment Policy Framework	10.1787/5k8zth7s6s6d-en
SDG13: Climate action	United Nations Environment Programme FI	Towards a Green Investment Policy Framework	10.1787/5k8zth7s6s6d-en
SDG13: Climate action	LCR Investment	Towards a Green Investment Policy Framework	10.1787/5k8zth7s6s6d-en
SDG13: Climate action	Green Investment Policy Framework	Towards a Green Investment Policy Framework	10.1787/5k8zth7s6s6d-en
SDG13: Climate action	Institutional Investor Group On Climate Change	Towards a Green Investment Policy Framework	10.1787/5k8zth7s6s6d-en
SDG13: Climate action	Department For Environment , Food And Rural Affaire	Towards a Green Investment Policy Framework	10.1787/5k8zth7s6s6d-en
SDG13: Climate action	Climate-resilient Infrastructure	Towards a Green Investment Policy Framework	10.1787/5k8zth7s6s6d-en
SDG13: Climate action	Investment Policy Framework	Towards a Green Investment Policy Framework	10.1787/5k8zth7s6s6d-en
SDG13: Climate action	Scale-up Private Sector Investment	Towards a Green Investment Policy Framework	10.1787/5k8zth7s6s6d-en
SDG13: Climate action	Green Infrastructure	Towards a Green Investment Policy Framework	10.1787/5k8zth7s6s6d-en
SDG13: Climate action	Security And Exchange Commission	Towards a Green Investment Policy Framework	10.1787/5k8zth7s6s6d-en
SDG13: Climate action	Private Sector Engagement	Towards a Green Investment Policy Framework	10.1787/5k8zth7s6s6d-en
SDG13: Climate action	Transitional Direct Support	Towards a Green Investment Policy Framework	10.1787/5k8zth7s6s6d-en
SDG13: Climate action	Asset Back Securities23	Towards a Green Investment Policy Framework	10.1787/5k8zth7s6s6d-en
SDG13: Climate action	Strategic Goal Setting	Towards a Green Investment Policy Framework	10.1787/5k8zth7s6s6d-en
SDG13: Climate action	Investor Network On Climate Risk	Towards a Green Investment Policy Framework	10.1787/5k8zth7s6s6d-en
